{
  "adam": {
    "epoch": 5.0,
    "train_loss": 0.006355932296239645,
    "val_loss": 0.000522077058240586,
    "train_f1_micro": 0.996769234197099,
    "train_f1_macro": 0.9961283708131674,
    "train_auc_macro": 0.9998997940362309,
    "val_f1_micro": 0.9996038034865293,
    "val_f1_macro": 0.9993259729719284,
    "val_auc_macro": 1.0,
    "test_loss": 0.0019581390681777306,
    "test_f1_micro": 0.9992831541218637,
    "test_f1_macro": 0.9992078742671554,
    "test_auc_macro": 0.999982231530268,
    "optimizer": "adam"
  },
  "sgd": {
    "epoch": 5.0,
    "train_loss": 0.20156750771560256,
    "val_loss": 0.15580608820428654,
    "train_f1_micro": 0.8309859154929577,
    "train_f1_macro": 0.7608989179211003,
    "train_auc_macro": 0.9460468257816628,
    "val_f1_micro": 0.8868552412645591,
    "val_f1_macro": 0.836155247531887,
    "val_auc_macro": 0.9649843094241117,
    "test_loss": 0.15985691022666831,
    "test_f1_micro": 0.8796244131455399,
    "test_f1_macro": 0.8339731598541988,
    "test_auc_macro": 0.9635281219830711,
    "optimizer": "sgd"
  },
  "rmsprop": {
    "epoch": 5.0,
    "train_loss": 0.005093892238704668,
    "val_loss": 0.001398598832094315,
    "train_f1_micro": 0.9973706493159231,
    "train_f1_macro": 0.9968972878854461,
    "train_auc_macro": 0.9998919628886348,
    "val_f1_micro": 0.9990093124628492,
    "val_f1_macro": 0.998763648698264,
    "val_auc_macro": 0.999986287858292,
    "test_loss": 0.0007650789858732131,
    "test_f1_micro": 0.999462654486835,
    "test_f1_macro": 0.9990520634324074,
    "test_auc_macro": 1.0,
    "optimizer": "rmsprop"
  },
  "adagrad": {
    "epoch": 5.0,
    "train_loss": 0.0676716608858762,
    "val_loss": 0.037906221285158276,
    "train_f1_micro": 0.9522760481061032,
    "train_f1_macro": 0.9423832814191995,
    "train_auc_macro": 0.9938633080013407,
    "val_f1_micro": 0.9759229534510433,
    "val_f1_macro": 0.9712809423194498,
    "val_auc_macro": 0.9978893267464336,
    "test_loss": 0.035850941141672414,
    "test_f1_micro": 0.9748542274052479,
    "test_f1_macro": 0.9689691531439675,
    "test_auc_macro": 0.9982037034647725,
    "optimizer": "adagrad"
  },
  "adamw": {
    "epoch": 3.0,
    "train_loss": 0.014423298478671298,
    "val_loss": 0.0027198988995854848,
    "train_f1_micro": 0.9918438293889558,
    "train_f1_macro": 0.9899823463529153,
    "train_auc_macro": 0.999601384881178,
    "val_f1_micro": 0.9986130374479889,
    "val_f1_macro": 0.9985759029156753,
    "val_auc_macro": 0.9999798181607943,
    "test_loss": 0.022593516455810717,
    "test_f1_micro": 0.9913978494623656,
    "test_f1_macro": 0.9900108033806267,
    "test_auc_macro": 0.9997734215342536,
    "optimizer": "adamw"
  }
}