{
  "epoch": [
    1,
    2,
    3,
    4,
    5
  ],
  "train_loss": [
    0.5134651458497883,
    0.3705721483953104,
    0.28756882495099906,
    0.24457060084862745,
    0.20156750771560256
  ],
  "val_loss": [
    0.42811511536033786,
    0.2868313703001762,
    0.2451835809921732,
    0.19469624684781445,
    0.15580608820428654
  ],
  "train_f1_micro": [
    0.25585944446420317,
    0.5689301583684631,
    0.6772856093208776,
    0.7631794999378032,
    0.8309859154929577
  ],
  "val_f1_micro": [
    0.4448841153193895,
    0.6790880117675901,
    0.7769457680962105,
    0.8557446808510638,
    0.8868552412645591
  ]
}