{
  "epoch": [
    1,
    2,
    3,
    4,
    5
  ],
  "train_loss": [
    0.23360616721195548,
    0.1298019871956995,
    0.09339671617207104,
    0.07773588581978819,
    0.0676716608858762
  ],
  "val_loss": [
    0.12681952708837937,
    0.07396081944509428,
    0.052180886572721054,
    0.04210602475368247,
    0.037906221285158276
  ],
  "train_f1_micro": [
    0.7877892902101288,
    0.9023181454836131,
    0.9305806801736614,
    0.9435585585585585,
    0.9522760481061032
  ],
  "val_f1_micro": [
    0.8998109640831758,
    0.9436419125127162,
    0.9651841416784062,
    0.9735152487961477,
    0.9759229534510433
  ]
}