{
  "epoch": [
    1,
    2,
    3,
    4,
    5
  ],
  "train_loss": [
    0.10980719282322661,
    0.019447878840068784,
    0.014423298478671298,
    0.012055288334294752,
    0.0102516934573908
  ],
  "val_loss": [
    0.009543217169310973,
    0.00425918424167618,
    0.0027198988995854848,
    0.0028763610645427787,
    0.02184685009823606
  ],
  "train_f1_micro": [
    0.9105654016128297,
    0.9882678324485882,
    0.9918438293889558,
    0.9937162975177147,
    0.9947398921232113
  ],
  "val_f1_micro": [
    0.9964299880999603,
    0.9978239366963403,
    0.9986130374479889,
    0.9986146843459331,
    0.9914665608255606
  ]
}