{
  "epoch": [
    1,
    2,
    3,
    4,
    5
  ],
  "train_loss": [
    0.0866304298683424,
    0.01717629723147814,
    0.010583303872320933,
    0.0061354709534008,
    0.005093892238704668
  ],
  "val_loss": [
    0.010653572382728512,
    0.027177935939909397,
    0.020734389218304554,
    0.002956721094292612,
    0.001398598832094315
  ],
  "train_f1_micro": [
    0.9306202166556901,
    0.9898552986555483,
    0.9941632507574407,
    0.996879597022244,
    0.9973706493159231
  ],
  "val_f1_micro": [
    0.9956383822363204,
    0.979212916246216,
    0.9914257228315054,
    0.9986124876114966,
    0.9990093124628492
  ]
}