{
  "epoch": [
    1,
    2,
    3,
    4,
    5
  ],
  "train_loss": [
    0.09566909705512709,
    0.01719646345328989,
    0.008115601533432387,
    0.0067838004253710504,
    0.006355932296239645
  ],
  "val_loss": [
    0.011499074546202104,
    0.0025391971540984185,
    0.0028896072718397384,
    0.0019351755349204295,
    0.000522077058240586
  ],
  "train_f1_micro": [
    0.9205358781427785,
    0.9896304885935374,
    0.9953863641429113,
    0.9961446749715864,
    0.996769234197099
  ],
  "val_f1_micro": [
    0.9946354063182993,
    0.998417095370004,
    0.9980166600555335,
    0.9990097048920579,
    0.9996038034865293
  ]
}